QuestionId,Question,language,Type,Categorie,LLM,answer,correctness,relevance,specificity
1G,Was ist der Stellenwert von PRRT innerhalb GEP-NET?,german,general,therapy,gemini-1.0-pro-001,"PRRT, (Peptid-Rezeptor-Radionuklid-Therapie) ist eine zielgerichtete Therapie, die bei der Behandlung, von fortgeschrittenem GEP-NET (Gastroenteropankreatischen Neuroendokrinen Tumoren) eingesetzt wird.

**Stellenwert von PRRT innerhalb GEP-NET:**

* **Erstlinientherapie:** PRRT kann als Erstlinientherapie bei Patienten mit fortgeschrittenem GEP-NET eingesetzt werden, die für eine Operation oder andere lokale Therapien nicht geeignet sind.
* **Zweitlinientherapie, :** PRRT kann auch als Zweitlinientherapie bei Patienten eingesetzt werden, die auf andere Therapien nicht angesprochen haben oder bei denen ein Rezidiv aufgetreten ist.
* **Palliative Therapie:** PRRT kann bei Patienten mit fortgeschrittenem G, EP-NET eingesetzt werden, um Symptome wie Schmerzen, Hitzewallungen und Durchfall zu lindern.

**Vorteile von PRRT:**

* **Zielgerichtet:** PRRT zielt auf spezifische Rezeptoren auf der Oberfläche von GEP-NET-Zellen ab, wodurch eine gezielte Behandlung ermöglicht wird.
* **Wirksam:** PRRT hat, sich als wirksam bei der Reduzierung der Tumorgröße, der Verbesserung des Überlebens und der Linderung von Symptomen erwiesen.
* **Relativ gut verträglich:** PRRT ist im Allgemeinen gut verträglich, mit geringeren Nebenwirkungen als bei anderen Therapien.

**Nachteile von PRRT:**

* **Kosten:** PRRT ist eine teure Therapie, .
* **Zugänglichkeit:** PRRT ist nicht überall verfügbar.
* **Mögliche Nebenwirkungen:** Zu den möglichen Nebenwirkungen von PRRT gehören Übelkeit, Erbrechen, Müdigkeit und Nierenprobleme.

Insgesamt ist PRRT eine wertvolle Behandlungsoption für Patienten mit fortgeschrittenem GEP-NET. Es bietet eine zielgerichtete und wirksame Therapie mit relativ geringen Nebenwirkungen.",,,
1E,What is the role of PRRT in GEP-NET?,english,general,therapy,gemini-1.0-pro-001,"Peptide receptor, radionuclide therapy (PRRT) is a type of targeted radiation therapy that uses radioactive isotopes to deliver radiation directly to tumors. It is used, to treat neuroendocrine tumors (NETs), including gastrointestinal NETs (GEP-NETs).

PRRT works by, targeting specific receptors on the surface of NET cells. These receptors are called somatostatin receptors. Somatostatin is a hormone that helps to regulate the growth of NETs. By targeting these receptors, PRRT can deliver radiation directly to the tumor cells,, while minimizing damage to healthy cells.

PRRT is typically given as a series of injections. The injections are usually given every 4-8 weeks. The number of injections needed will depend on the type of NET and the stage of the disease.

PRRT, is a relatively new treatment for GEP-NETs. However, it has shown promising results in clinical trials. In one study, PRRT was found to improve survival in patients with advanced GEP-NETs.

PRRT is generally well-tolerated. The most common side effects include nausea, vomiting, fatigue, and low blood counts. These side effects are usually mild and go away, within a few days.

PRRT is a promising new treatment for GEP-NETs. It is a targeted therapy that can deliver radiation directly to tumor cells, while minimizing damage to healthy cells. PRRT is generally well-tolerated and has shown promising results in clinical trials.",,,
2G,Für welche Indikationen ist PRRT zugelassen?,german,specific,therapy,gemini-1.0-pro-001,"PRRT, (Peptid-Rezeptor-Radionuklid-Therapie) ist für die Behandlung der folgenden Indik, ationen zugelassen:

* **Neuroendokrine Tumoren (NETs)**
  * Gut differenzierte NETs, des Gastrointestinaltrakts (z. B. Magen, Darm)
  * Gut differenzierte NETs der Lunge
  * Gut differenzierte NETs der Bauchspeicheldrüse
* **Prostatakrebs** 
  * Metastasierter, kastrationsresistenter Prostatakrebs (mCRPC)",,,
2E,For which indication is PRRT approved?,english,specific,therapy,gemini-1.0-pro-001,"Neuroend, ocrine tumors",,,
3G,Welche Rolle spielt PRRT im chirurgischen Setting bei GEP-NET?,german,specific,therapy,gemini-1.0-pro-001,"PRRT, (Peptid-Rezeptor-Radionuklid-Therapie) spielt im chirurgischen Setting bei gastroenteropankreatischen neuroendokrin, en Tumoren (GEP-NET) eine wichtige Rolle:

**Präoperativ:**

* **Tumorgrößenredu, ktion:** PRRT kann vor der Operation eingesetzt werden, um die Tumorgröße zu reduzieren und die Resektabilität zu verbessern.
* **Lokale Tumorkontrolle:** PRRT kann helfen, das Tumorwachstum zu kontrollieren und lokale Komplikationen, wie Blutungen oder Obstruktion zu verhindern.

**Intraoperativ:**

* **Intraoperative Bildgebung:** PRRT kann während der Operation verwendet werden, um die Tumorausdehnung zu visualisieren und die Resektionsgrenzen zu bestimmen.
* ** Markierung von Metastasen:** PRRT kann Metastasen markieren, die für das bloße Auge nicht sichtbar sind, und so eine vollständige Resektion erleichtern.

**Postoperativ:**

* **Adjuvante Therapie:** PRRT kann nach der Operation als adjuvante Therapie eingesetzt werden, um das Risiko eines Rezidivs zu verringern.
* **Palliative Therapie, :** PRRT kann bei Patienten mit fortgeschrittenen oder inoperablen GEP-NETs eingesetzt werden, um Symptome zu lindern und die Lebensqualität zu verbessern.

**Vorteile von PRRT im chirurgischen Setting:**

* Verbesserte Resektabilität
* Geringere intraoperative Blutung
* Reduziertes Risiko von Komplikationen
* Erhöhte Überlebensraten
* Verbesserte Lebensqualität

**Fazit:**

PRRT spielt eine wertvolle Rolle im chirurgischen Setting bei GEP-NETs, indem es die Tumorgröße reduziert, die Resektabilität verbessert, die lokale Tumorkontrolle gewährleistet und das Risiko eines Rezidivs verringert.",,,
3E,What is the place of using PRRT in the surgical setting in GEP-NET?,english,specific,therapy,gemini-1.0-pro-001,"The place of using, peptide receptor radionuclide therapy (PRRT) in the surgical setting in gastro-entero-pancreatic neuroendocrine tumors (GEP-, NET) is still evolving. However, there are several potential roles for PRRT in this setting:

**Neoadjuvant therapy:** PRRT, can be used before surgery to reduce the size of tumors and make them more resectable. This can improve the chances of a complete resection and reduce the risk of recurrence.

**Adjuvant therapy:** PRRT can be used after surgery to kill any remaining tumor cells and, reduce the risk of recurrence. This can be particularly beneficial for patients with high-risk tumors or those who have had incomplete resections.

**Palliative therapy:** PRRT can be used to palliate symptoms in patients with advanced GEP-NETs, who are not candidates for surgery. This can help to improve quality of life and prolong survival.

The optimal timing and sequencing of PRRT in the surgical setting for GEP-NETs is still being investigated. However, it is clear that PRRT can play a valuable role in this setting, both as a neoadjuvant and adjuvant therapy.

Here are some specific examples, of how PRRT is being used in the surgical setting for GEP-NETs:

* **A study published in the journal JAMA Oncology found that neoadjuvant PRRT followed by surgery was associated with improved survival in patients with locally advanced GEP-NETs.**
* **A study published in the journal The Lancet Oncology found that adjuvant PRRT after surgery was associated with a reduced risk of recurrence in patients with, high-risk GEP-NETs.**
* **A study published in the journal Cancer Research and Treatment found that PRRT was effective in palliating symptoms in patients with advanced GEP-NETs who were not candidates for surgery.**

These studies provide evidence to support the use of PRRT in the surgical setting for GEP-NETs. However, more research is needed to determine the optimal timing and sequencing of PRRT in this setting.",,,
4G,Was ist Peptidrezeptor-Radionuklid-Therapie (PRRT)?,german,general,definition,gemini-1.0-pro-001,"**Peptidre, zeptor-Radionuklid-Therapie (PRRT)**

Die Peptidrezeptor-Radionuklid-Therapie (PRRT) ist eine, zielgerichtete Krebsbehandlung, die Radionuklide verwendet, um Krebszellen abzutöten.

**Wirkungsweise:**

* PRRT verwendet Peptide, die an spezifische Rezeptoren auf der Oberfläche von Krebszellen binden.
* Diese Peptide sind mit Radionukliden verbunden, die ionisierende Strahlung abgeben.
* Wenn sich die Peptide an, die Krebszellen binden, wird die Strahlung direkt auf die Krebszellen abgegeben und tötet sie ab.

**Vorteile:**

* **Zielgerichtet:** PRRT zielt spezifisch auf Krebszellen ab und, schont gesundes Gewebe.
* **Wirksam:** PRRT kann bei bestimmten Krebsarten sehr wirksam sein, insbesondere bei neuroendokrinen Tumoren.
* **Relativ gut verträglich:** PRRT hat im Allgemeinen weniger Nebenwirkungen als andere Krebsbehandlungen.

**Nachteile:**

* **Kosten:** PRRT kann teuer sein.
* **Ver, fügbarkeit:** PRRT ist nicht überall verfügbar.
* **Nebenwirkungen:** Zu den möglichen Nebenwirkungen gehören Übelkeit, Erbrechen, Müdigkeit und Nierenschäden.

**Anwendungen:**

PRRT wird hauptsächlich zur Behandlung von neuroendokrinen Tumoren eingesetzt, kann aber auch bei anderen Krebsarten wie Prostatakrebs und Brustkrebs eingesetzt werden, .

**Ablauf:**

* Dem Patienten wird das Peptid-Radionuklid-Konjugat intravenös verabreicht.
* Das Konjugat zirkuliert im Körper und bindet an Krebszellen.
* Die Strahlung wird über mehrere Tage abgegeben und tötet die Krebszellen ab.
* Der Patient muss möglicherweise mehrere Behandlungszyklen durchlaufen.

**Überwachung:**

Während der PRRT, wird der Patient engmaschig auf Nebenwirkungen überwacht. Bluttests und Bildgebungsuntersuchungen werden durchgeführt, um die Wirksamkeit der Behandlung zu beurteilen.",,,
4E,What is Peptide Receptor Radionuclide Therapy (PRRT)?,english,general,definition,gemini-1.0-pro-001,"**Peptide Receptor Ra, dionuclide Therapy (PRRT)**

PRRT is a targeted cancer therapy that uses radioactive isotopes attached to peptides to, deliver radiation directly to cancer cells.

**Mechanism of Action:**

* Peptides are small proteins that bind to specific receptors on the, surface of cancer cells.
* Radioactive isotopes, such as lutetium-177 (Lu-177) or yttrium-90 (Y-90), are attached to the peptides.
* When the peptides bind to the cancer cells, they deliver the radioactive isotopes, directly to the tumor.
* The radiation emitted by the isotopes damages the DNA of the cancer cells, leading to cell death.

**Indications:**

PRRT is primarily used to treat certain types of neuroendocrine tumors (NETs), which are, cancers that develop from hormone-producing cells. These include:

* Midgut NETs (e.g., pancreatic NETs, small intestine NETs)
* Lung NETs
* Rectal NETs
* Gastric NETs

**Procedure:**

* The patient is injected with the PRRT agent (peptide-isotope conjugate).
* The agent, circulates in the bloodstream and binds to cancer cells.
* The radiation is delivered over several days or weeks.
* Multiple treatments may be necessary.

**Advantages:**

* Targeted therapy: PRRT delivers radiation directly to cancer cells, minimizing damage to healthy tissues.
* Effective in treating NETs: PRRT has shown promising results in controlling NET growth and improving survival.
* Relatively well-tolerated: Side effects are typically mild and manageable.

**Disadvantages:**

* Limited availability: PRRT is not widely available due to the specialized nature of the treatment.
* Cost: PRRT can be expensive.
* Potential side effects: Side effects may include fatigue, nausea, vomiting, and low blood counts.",,,
5G,Wie viele PRRT-Behandlungen kann man bekommen?,german,specific,therapy,gemini-1.0-pro-001,"Die Anzahl der PR, RT-Behandlungen, die ein Patient erhalten kann, hängt von verschiedenen Faktoren ab, darunter:

* **Krankheitsstadium:** Patienten im Frühstadium können möglicherweise mehr Behandlungen erhalten als Patienten im fortgeschrittenen Stadium.
* **Ansprechen auf die, Behandlung:** Patienten, die gut auf die Behandlung ansprechen, können möglicherweise mehr Behandlungen erhalten.
* **Nebenwirkungen:** Die Behandlung kann Nebenwirkungen wie niedrige Blutplättchenzahlen und Knochenmarksuppression verursachen. Die Anzahl der Behandlungen kann begrenzt, sein, um diese Nebenwirkungen zu minimieren.
* **Gesamtzustand des Patienten:** Die allgemeine Gesundheit und das Alter des Patienten können die Anzahl der Behandlungen beeinflussen.

Im Allgemeinen können Patienten mit PRRT 2-4 Behandlungen, im Abstand von 6-8 Wochen erhalten. In einigen Fällen können Patienten bis zu 6 Behandlungen erhalten. Die optimale Anzahl der Behandlungen wird für jeden Patienten individuell festgelegt.",,,
5E,How many PRRT treatments can you have?,english,specific,therapy,gemini-1.0-pro-001,"The number of PR, ""RT treatments a patient can receive depends on several factors, including the patients overall health, the stage of their cancer, and"", their response to treatment. In general, most patients receive 2-4 cycles of PRRT, with each cycle lasting 4-6 weeks. However,, some patients may receive more or fewer cycles of treatment, depending on their individual circumstances.",,,
6G,Wie viel kostet eine Behandlung mit PRRT?,german,specific,cost,gemini-1.0-pro-001,"Die Kosten für eine, PRRT-Behandlung (Peptide-Rezeptor-Radionuklid-Therapie) variieren je nach folgenden Faktoren:

* Art des verwendeten, Radionuklids
* Anzahl der Behandlungen
* Standort der Behandlungseinrichtung
* Versicherungsschutz

Im Allgemeinen liegen die Kosten für eine PR, RT-Behandlung zwischen **10.000 und 50.000 US-Dollar pro Behandlung.**

In den Vereinigten Staaten werden die Kosten für PRRT in der Regel von Medicare und den meisten privaten Krankenversicher, ungen übernommen. Es ist jedoch wichtig, sich bei Ihrem Versicherungsträger zu erkundigen, um die genauen Kosten und die Deckung zu erfahren.

In anderen Ländern können die Kosten für PRRT variieren. Es wird empfohlen, sich bei, der Behandlungseinrichtung oder dem behandelnden Arzt nach den Kosten zu erkundigen.",,,
6E,How much does a PRRT treatment cost?,english,specific,cost,gemini-1.0-pro-001,"The cost, of PRRT treatment can vary depending on a number of factors, including the type of cancer being treated, the stage of the cancer, , the number of treatments required, and the location of the treatment center. In general, PRRT treatment can cost anywhere from, $10,000 to $50,000 per treatment.",,,
7G,Welche Isotope werden für die Therapie und welche für die Diagnistik der PRRT eingesetzt?,german,specific,therapy,gemini-1.0-pro-001,"**Therapie**

* **Lutetium-177 (¹⁷⁷Lu)**: Wird zur Therapie von neuroendokrinen Tumoren (NET, ) eingesetzt.

**Diagnistik**

* **Indium-111 (¹¹¹In)**: Wird zur, Lokalisierung von NET verwendet.
* **Yttrium-90 (⁹⁰Y)**: Wird zur Dosimetrie vor der Therapie mit ¹⁷⁷Lu verwendet.",,,
7E,Which isotopes are used for therapy and diagnostics in PRRT?,english,specific,therapy,gemini-1.0-pro-001,"* ** ",,,
8G,Ist der Einsatz von PRRT für den Patienten schädlich?,german,specific,side effects,gemini-1.0-pro-001,"Die Pep, tid-Rezeptor-Radionuklid-Therapie (PRRT) ist eine zielgerichtete Therapie, die zur Behandlung bestimmter Krebsarten, eingesetzt wird. Wie bei jeder medizinischen Behandlung kann PRRT mit bestimmten Risiken und Nebenwirkungen verbunden sein.

, **Mögliche Nebenwirkungen von PRRT:**

* **Myelosuppression:** PRRT kann die Knochenmarkfunktion unterdrücken, was zu einer Abnahme der Blutzellen (rote Blutkörperchen, weiße Blutkörperchen und Blutplättchen) führen kann. Dies kann zu, Anämie, Infektionen und Blutungen führen.
* **Nierentoxizität:** PRRT kann die Nieren schädigen, insbesondere bei Patienten mit vorbestehenden Nierenerkrankungen.
* **Strahlenhepatitis:** PRRT kann die Leber schädigen, insbesondere bei, Patienten mit vorbestehenden Lebererkrankungen.
* **Übelkeit und Erbrechen:** PRRT kann Übelkeit und Erbrechen verursachen.
* **Haarausfall:** PRRT kann vorübergehenden Haarausfall verursachen.
* **Müdigkeit:** PRRT kann zu Müdigkeit führen.
* **Allergische Reaktionen:** PRRT kann bei einigen Patienten allergische Reaktionen hervorrufen.

**Sch, were Nebenwirkungen von PRRT sind selten, können aber auftreten:**

* **Myelodysplastisches Syndrom (MDS):** PRRT kann das Risiko für MDS, eine Erkrankung, die zu Leukämie führen kann, erhöhen.
* **Akute myeloische Leukämie (AML):** PRRT kann das Risiko für AML, eine Art von Leukämie, erhöhen.
* **Nierenversagen:** PR, RT kann bei Patienten mit vorbestehenden Nierenerkrankungen zu Nierenversagen führen.
* **Leberversagen:** PRRT kann bei Patienten mit vorbestehenden Lebererkrankungen zu Leberversagen führen.

Es ist wichtig zu beachten, dass die meisten Patienten, die sich einer PRRT unterziehen, keine schwerwiegenden Nebenwirkungen erfahren. Die Risiken und Nebenwirkungen von PRRT werden vom Arzt sorgfältig abgewogen, bevor die Behandlung empfohlen wird.",,,
8E,Is PRRT harmful for the patient?,english,specific,side effects,gemini-1.0-pro-001,"PRRT, (Peptide Receptor Radionuclide Therapy) is generally well-tolerated, but like any medical treatment, it can have potential side, effects. The severity and frequency of side effects can vary depending on the individual patient and the specific PRRT regimen used.

** Common Side Effects:**

* **Nausea and vomiting:** These are usually mild and transient, occurring within the first few days after treatment.
* **Fatigue:** PRRT can cause temporary fatigue, which typically resolves within a few weeks.
* ** Myelosuppression:** PRRT can temporarily suppress bone marrow function, leading to a decrease in blood cell counts. This is usually mild and reversible.
* **Kidney toxicity:** PRRT can potentially cause kidney damage, especially in patients with pre-existing kidney, problems.
* **Radiation exposure:** PRRT involves the use of radioactive isotopes, which can expose the patient to radiation. However, the radiation doses used are carefully calculated to minimize the risk of long-term effects.

**Less Common Side Effects:**

* **Pancreatitis:** PRRT can rarely cause inflammation of the pancreas.
* **Hepatotoxicity:** PR, RT can potentially damage the liver, but this is rare.
* **Allergic reactions:** Some patients may experience allergic reactions to the PRRT agents.
* **Secondary malignancies:** There is a small risk of developing secondary malignancies (new cancers) after PRRT, but this is rare.

**Monitoring and Management:**

Patients undergoing PRRT are closely monitored for, side effects. Blood tests, imaging studies, and other tests may be used to assess kidney function, blood cell counts, and overall health. Medications and supportive care measures can be used to manage side effects as needed.

**Overall:**

PRRT is generally considered a safe and effective treatment for certain types of cancer. The potential side effects are typically manageable and reversible. However, it is important for patients to discuss the risks and benefits of PRRT with their healthcare provider before undergoing treatment.",,,
9G,Ist die PRRT die Zukunft für metastasierende Krebspatienten?,german,general,therapy,gemini-1.0-pro-001,"Die Peptid-Re, zeptor-Radionuklid-Therapie (PRRT) ist eine vielversprechende Behandlungsoption für Patienten mit metastasierendem Krebs, insbesondere für, solche mit neuroendokrinen Tumoren (NETs).

**Vorteile der PRRT:**

* **Gezielte Therapie:** PRRT, verwendet Peptide, die an spezifische Rezeptoren auf Krebszellen binden. Dies ermöglicht eine gezielte Abgabe von Strahlung an die Tumorzellen und reduziert die Schädigung des gesunden Gewebes.
* **Systemische Behandlung:** PRRT, ist eine systemische Behandlung, die Krebszellen im gesamten Körper erreichen kann, auch solche, die nicht durch Operation oder andere lokale Therapien entfernt werden können.
* **Langfristige Wirksamkeit:** PRRT kann eine langfristige Krankheitskontrolle, und ein verbessertes Überleben bieten, insbesondere bei Patienten mit NETs.
* **Geringere Toxizität:** PRRT hat im Vergleich zu anderen Krebsbehandlungen im Allgemeinen eine geringere Toxizität. Die häufigsten Nebenwirkungen sind Übelkeit, Erbrechen und Müdigkeit, die in der Regel vorübergehend sind.

**Aktuelle Forschung und Entwicklung:**

Die, Forschung zur PRRT konzentriert sich auf die Verbesserung der Wirksamkeit und die Erweiterung ihrer Anwendung auf andere Krebsarten. Zu den aktuellen Entwicklungen gehören:

* **Neue Peptide:** Die Entwicklung neuer Peptide mit höherer Affinität zu Krebszellen kann die Wirksamkeit der PRRT verbessern.
* **Kombinationstherapien:** Die Kombination von PRRT mit anderen Therapien, wie, Immuntherapie oder Chemotherapie, kann die Ergebnisse weiter verbessern.
* **Erweiterte Indikationen:** Die Forschung untersucht die Anwendung von PRRT bei einer breiteren Palette von Krebsarten, darunter Prostatakrebs, Brustkrebs und Bauchspeicheldrüsenkrebs.

**Zukunft der PRRT:**

Die PRRT hat das Potenzial, eine wichtige Behandlungsoption für Patienten mit metastasierendem Krebs zu werden. Die laufende Forschung und Entwicklung zielt darauf ab, ihre Wirksamkeit zu verbessern, ihre Anwendung zu erweitern und, die Lebensqualität der Patienten zu verbessern.

Es ist jedoch wichtig zu beachten, dass die PRRT nicht für alle Patienten mit metastasierendem Krebs geeignet ist. Die Eignung für die PRRT hängt von Faktoren wie dem Krebsstadium, dem allgemeinen Gesundheitszustand des Patienten und der Verfügbarkeit geeigneter Peptide ab.",,,
9E,Is PRRT the future for metastatic cancer patients?,english,general,therapy,gemini-1.0-pro-001,"**Potential of PRRT, for Metastatic Cancer Patients**

Peptide receptor radionuclide therapy (PRRT) is a targeted cancer treatment that uses radioactive, isotopes attached to peptides that bind to specific receptors on cancer cells. It has shown promising results in treating certain types of metastatic cancer, particularly neuroendocrine tumors, (NETs).

**Advantages of PRRT:**

* **Targeted therapy:** PRRT specifically targets cancer cells, minimizing damage to healthy tissues.
* **High efficacy:** PRRT has been shown to be effective in controlling tumor growth and improving survival in NETs.
* **Minimal side, effects:** PRRT typically causes fewer side effects compared to traditional chemotherapy or radiation therapy.
* **Outpatient procedure:** PRRT is usually administered as an outpatient procedure, allowing patients to return home the same day.

** Current Status and Future Prospects:**

PRRT is currently approved for the treatment of NETs and is being investigated for other types of metastatic cancer, including prostate cancer, breast cancer, and lung cancer. Clinical trials are ongoing to evaluate the efficacy and safety of PRRT in these settings.

**Potential Future Role:**

If clinical trials continue to show positive results, PR, RT could become a valuable treatment option for a wider range of metastatic cancer patients. It may be used in combination with other therapies, such as immunotherapy or targeted drugs, to improve outcomes.

**Limitations and Challenges:**

* **Not all cancers express the target receptors:** PRRT is only effective against cancers that express the specific receptors that the peptides bind to.
* ** Cost:** PRRT can be expensive, and access to the therapy may be limited.
* **Long-term effects:** The long-term effects of PRRT are still being studied.

**Conclusion:**

PRRT has the potential to be a significant advancement in the treatment of metastatic cancer patients. Its targeted approach, high efficacy, and minimal side effects make it a promising option. Ongoing clinical trials will help determine the full potential of PRRT and its role in the future of cancer care.",,,
10G,"Was muss eine Klinik an Equipment haben, um eine PRRT durchführen zu können?",german,specific,therapy,gemini-1.0-pro-001,"**Not, wendige Ausrüstung für die Durchführung einer PRRT:**

**Bildgebung:**

* SPECT/CT-Scanner (Single-Photon, -Emissions-Computertomographie/Computertomographie)
* PET/CT-Scanner (Positronen-Emissions-Tomographie/Computertomo, graphie)

**Strahlentherapie:**

* Linearbeschleuniger mit einer Energie von mindestens 6 MeV
* Multi-Leaf-Kollimator (MLC)
* Bildführungssystem (z. B. Cone-Beam, -CT)

**Medizinische Physik:**

* Dosisplanungssystem
* Qualitätskontrollwerkzeuge (z. B. Phantom, Ionisationskammer)

**Radiopharmazie:**

* Reinraum für die Herstellung von Radiopharmazeuti, ka
* Hotcell für die Handhabung radioaktiver Materialien
* Kalibrierungsgeräte für Radioaktivität

**Weitere Ausrüstung:**

* Patiententisch
* Bleischutz
* Schutzkleidung
* Überwachungssystem für Strahlung
* Notfallausrüstung

**Zusätzliche wünschenswerte Ausrüstung:**

* MR-Scanner (Magnetresonanztomo, graphie) für die Bildgebung vor der Behandlung
* Atemsynchronisationssystem für die Strahlentherapie
* Robotergestütztes Bestrahlungssystem für präzise Bestrahlung",,,
10E,What equipment does a clinic need to perform PRRT?,english,specific,therapy,gemini-1.0-pro-001,"* ** Radioisotope production facility:** This facility is responsible for producing the lutetium-177 used in PRRT.
* **Radio, pharmacy:** This facility is responsible for preparing the lutetium-177 for use in PRRT.
* **Nuclear medicine department:** This department, is responsible for administering the lutetium-177 to patients and monitoring their response to treatment.
* **Radiation safety department:** This department is responsible for ensuring that the use of lutetium-177 is safe for patients and staff.
* **Medical, physics department:** This department is responsible for providing dosimetry services and ensuring that the radiation doses delivered to patients are accurate.",,,
11G,Welche Ärzte führen PRRT durch? Muss man dafür ein Nuklearmediziner sein?,german,specific,therapy,gemini-1.0-pro-001,"PRRT, (Peptid-Rezeptor-Radionuklid-Therapie) wird in der Regel von folgenden Ärzten durchgeführt:

* **Nuklearmedi, ziner:** Sie sind auf die Verwendung radioaktiver Substanzen in der Medizin spezialisiert, einschließlich PRRT.
* **Onkologen:** Sie sind auf die Behandlung von Krebs spezialisiert und können PRRT als Teil eines Behandlungsplans einsetzen.
* **Endokrinologen:** Sie sind auf die Behandlung von hormonellen Störungen spezialisiert und können PRRT bei bestimmten Arten von neuroendokrin, en Tumoren einsetzen.

Es ist nicht zwingend erforderlich, ein Nuklearmediziner zu sein, um PRRT durchzuführen. Allerdings verfügen Nuklearmediziner über eine umfassende Ausbildung in der Verwendung radioaktiver Substanzen und sind daher am besten für, die sichere und wirksame Durchführung von PRRT qualifiziert.",,,
11E,Which doctors perform PRRT? Do you have to be a nuclear medicine physician?,english,specific,therapy,gemini-1.0-pro-001,"Yes, to perform PRRT, you must be a nuclear medicine physician. This is because PRRT involves the administration of radioactive isotopes, , which requires specialized training and expertise in nuclear medicine. Nuclear medicine physicians are trained in the safe handling and administration of radioactive isotopes,, as well as in the interpretation of nuclear medicine images. They are also familiar with the potential risks and benefits of PRRT, and can provide appropriate counseling to patients.",,,
12G,Was sind die häufigsten Nebenwirkungen der PRRT?,german,general,side effects,gemini-1.0-pro-001,"**Häufige Nebenwirkungen der, PRRT (Peptid-Rezeptor-Radionuklid-Therapie)**

**Hämatologische Nebenwirkungen:**

* Myelosuppression, (Abnahme der Blutzellen)
* Anämie (Blutarmut)
* Thrombozytopenie (, geringe Thrombozytenzahl)
* Neutropenie (geringe Anzahl weißer Blutkörperchen)

**Nierenfunktionsstörungen:**

* Akute Nierenschädigung
* Erhöhte Kreatininspiegel

**Gastrointestinale Nebenwirkungen:** 

* Übelkeit
* Erbrechen
* Durchfall
* Verstopfung
* Mundtrockenheit

**Andere Nebenwirkungen:**

* Müdigkeit
* Schmerzen
* Fieber
* Schüttelfrost
* Kopfschmerzen
* Schwindel
, * Appetitlosigkeit
* Haarausfall
* Geschmacksveränderungen
* Allergische Reaktionen

**Seltene, aber schwerwiegende Nebenwirkungen:**

* Myelodysplastisches Syndrom (MDS)
* Akute myeloische Leukämie (AML)
* Sekundäre Malignome (neue Krebsarten)
* Strahlenpneumonitis (, Entzündung der Lunge)
* Strahlenhepatitis (Entzündung der Leber)
* Strahlenfibrose (Verhärtung des Gewebes)",,,
12E,What are the most common side effects of PRRT?,english,general,side effects,gemini-1.0-pro-001,"* ** Nausea and vomiting:** These are the most common side effects of PRRT, and they usually occur within the first 24 hours after treatment., They can be managed with anti-nausea medications.
* **Fatigue:** This is another common side effect of PRRT, and it, can last for several weeks after treatment. It is important to rest and get plenty of sleep during this time.
* **Low blood counts:** PRRT can cause low blood counts, which can lead to fatigue, weakness, and an increased risk of infection., Blood counts are monitored closely during treatment, and blood transfusions may be necessary if the counts drop too low.
* **Kidney problems:** PRRT can cause kidney problems, which can lead to swelling, high blood pressure, and decreased urine output, . Kidney function is monitored closely during treatment, and medications may be necessary to protect the kidneys.
* **Liver problems:** PRRT can cause liver problems, which can lead to yellowing of the skin or eyes, dark urine, and fatigue. Liver function is monitored closely during treatment, and medications may be necessary to protect the liver.
* **Radiation pneumonitis:** This is a rare but serious side effect of PRRT that can occur when radiation, damages the lungs. Symptoms of radiation pneumonitis include shortness of breath, cough, and fever. Treatment for radiation pneumonitis may include steroids and oxygen therapy.",,,
13G,Was sind die Vorteile einer PRRT?,german,general,advantages of therapy,gemini-1.0-pro-001,"**Vorteile, der PRRT (Peptid-Rezeptor-Radionuklid-Therapie):**

* **Gezielte Therapie:** PRRT zielt spezifisch auf Neuroendokrine Tumore (NETs) ab, die den Somatostatin-Rezeptor, 2 (SSTR2) exprimieren.
* **Hohe Wirksamkeit:** PRRT hat sich als wirksam bei der Reduzierung der Tumorgröße, der Linderung von Symptomen und der Verlängerung des Überlebens bei NETs erwiesen, .
* **Geringe Toxizität:** Im Vergleich zu anderen Krebstherapien hat PRRT im Allgemeinen eine geringe Toxizität. Die häufigsten Nebenwirkungen sind Übelkeit, Erbrechen und Müdigkeit, die in der Regel vorübergehend sind.
* **Nicht-, invasiv:** PRRT wird über eine Vene verabreicht, was eine nicht-invasive Behandlung darstellt.
* **Ambulant:** Die meisten PRRT-Behandlungen können ambulant durchgeführt werden, sodass die Patienten nicht im Krankenhaus übernachten müssen.
* **Langfristige Wirkung:** Die Wirkung der PRRT kann mehrere Monate bis Jahre anhalten.
* ** Verbesserte Lebensqualität:** PRRT kann die Lebensqualität von NET-Patienten verbessern, indem sie Symptome wie Hitzewallungen, Durchfall und Bauchschmerzen lindert.
* **Personalisierte Behandlung:** Die PRRT-Dosierung kann an den individuellen Patienten angepasst werden, um die Wirksamkeit zu maximieren und die Toxizität zu minimieren.
* **Kombinationstherapie:** PRRT kann mit anderen Behandlungen wie Chemotherapie oder Immuntherapie kombiniert werden, um die Ergebnisse weiter zu verbessern.
* **Überwachung der Behandlung:** Die Wirksamkeit der PRRT kann durch bildgebende Verfahren wie OctreoScan oder PET-CT überwacht werden.",,,
13E,What are the benefits of PRRT?,english,general,advantages of therapy,gemini-1.0-pro-001,"**Benefits of, Peptide Receptor Radionuclide Therapy (PRRT)**

**1. Targeted Therapy:**
* PRRT uses radioactive peptides that specifically bind to receptors overexpressed, on neuroendocrine tumor cells.
* This targeted approach minimizes damage to healthy tissues.

**2. High Efficacy:**
* PRRT has shown high response rates and prolonged survival in patients with advanced neuroendocrine tumors.
* It can effectively control tumor growth and alleviate symptoms.

**3. Reduced Toxicity:**
* Compared to conventional chemotherapy, PRRT, has a more favorable toxicity profile.
* Side effects are typically mild and manageable, including nausea, vomiting, and fatigue.

**4. Improved Quality of Life:**
* By controlling tumor growth and reducing symptoms, PRRT can significantly improve the quality of life for patients.
* It allows them to maintain daily activities and social interactions.

**5. Long-Term Benefits:**
* PRRT can provide long-term benefits, with some patients experiencing disease control for several years.
* It can delay the need for more aggressive treatments, such as surgery or chemotherapy.

**6. Outpatient Procedure:**
* PRRT is typically administered as an outpatient procedure, allowing patients to return, home the same day.
* This reduces the burden of hospitalization and travel.

**7. Repeatability:**
* PRRT can be repeated multiple times, as needed, to maintain tumor control.
* This flexibility allows for personalized treatment plans based on individual patient response.

**8. Cost-Effectiveness:**
* While PRRT is a specialized therapy, it can be cost-effective in the long run, .
* By controlling tumor growth and improving quality of life, it can reduce the need for more expensive treatments and hospitalizations.",,,
14G,Was sind Herausforderungen der PRRT?,german,general,challenges of therapy,gemini-1.0-pro-001,"**Herausforderungen der, PRRT (Peptid-Rezeptor-Radionuklid-Therapie)**

**1. Verfügbarkeit und Kosten:**
* PRRT ist eine, hochgradig spezialisierte Therapie, die nur in wenigen Zentren weltweit verfügbar ist.
* Die Kosten für die Behandlung können, hoch sein, was den Zugang für Patienten einschränken kann.

**2. Strahlenexposition:**
* PRRT beinhaltet die Verabreichung radioaktiver Substanzen, die eine Strahlenexposition für Patienten und medizinisches Personal mit sich bringen.
* Die, Optimierung der Dosierung ist entscheidend, um die Wirksamkeit zu maximieren und gleichzeitig die Strahlenbelastung zu minimieren.

**3. Nierenfunktion:**
* Die Nieren spielen eine wichtige Rolle bei der Ausscheidung der radioaktiven, Substanzen.
* Patienten mit eingeschränkter Nierenfunktion können möglicherweise keine PRRT erhalten oder benötigen eine Dosisanpassung.

**4. Myelosuppression:**
* PRRT kann zu einer Myelosuppression führen, die zu einer Abnahme der Blutkörperchenproduktion führt.
* Dies kann zu Anämie, Neutropenie und Thrombozy, topenie führen.

**5. Nebenwirkungen:**
* Wie bei jeder Krebsbehandlung kann PRRT Nebenwirkungen verursachen, darunter:
  * Übelkeit und Erbrechen
  * Müdigkeit
  * Haarausfall
  * Nierenschäden
  * Leberfunktionsstörungen

**6. Langzeiteffekte:**
* Die Langzeiteffekte der PRRT sind noch nicht vollständig bekannt.
* Es besteht, die Möglichkeit von Spätschäden, wie z. B. sekundären Malignomen oder Nierenschäden.

**7. Resistenz:**
* Einige Patienten können eine Resistenz gegen PRRT entwickeln, was die Wirksamkeit der Behandlung verringert.
* Die Mechanismen der Resistenz sind noch nicht vollständig verstanden.

**8. Zugang zu klinischen Studien:**
* Die Teilnahme an klinischen Studien kann Patienten Zugang zu neuen und experimentellen PRRT-Behandlungen bieten.
* Der Zugang zu diesen Studien kann jedoch begrenzt sein.",,,
14E,What are the challenges of PRRT?,english,general,challenges of therapy,gemini-1.0-pro-001,"**Challenges of, Peptide Receptor Radionuclide Therapy (PRRT)**

**1. Patient Selection:**

* Identifying patients with suitable tumor characteristics and disease burden, for PRRT.
* Excluding patients with contraindications, such as severe renal or hepatic impairment.

**2., Radiopharmaceutical Production and Availability:**

* Limited availability of the radiopharmaceuticals used in PRRT (e.g., 177Lu-DOTATATE, 90Y-DOTATOC).
* Complex and, time-consuming production process.

**3. Radiation Dosimetry:**

* Accurately calculating the radiation dose delivered to the tumor and surrounding tissues.
* Balancing tumor targeting with minimizing toxicity to healthy organs.

**4. Renal Toxicity:**

* PRRT can lead to renal toxicity, particularly in patients with pre-existing kidney disease.
* Monitoring renal function and adjusting treatment accordingly is crucial.

**5. Hematological Toxicity:**

* Myelosuppression, including anemia, neutropenia, and thrombocytopenia, can occur.
* Regular blood monitoring and dose adjustments may be necessary.

**6. Gastrointestinal Toxicity:**

* Nausea,, vomiting, and diarrhea are common side effects of PRRT.
* Anti-emetics and other supportive care measures can help mitigate these symptoms.

**7. Cost and Reimbursement:**

* PRRT is a relatively expensive treatment.
* Reimbursement coverage can vary depending on the healthcare system and insurance policies.

**8. Patient Compliance:**

* PRRT typically, involves multiple treatment cycles over several months.
* Ensuring patient adherence to the treatment schedule is essential for optimal outcomes.

**9. Limited Long-Term Data:**

* While PRRT has shown promising results in clinical trials, long-term data on its efficacy and safety are still limited.
* Ongoing research is needed to establish the optimal treatment regimens and long-term outcomes.

**10. Access to Specialized Centers:**

* PRRT requires specialized expertise and infrastructure.
* Access to experienced healthcare providers and treatment facilities may be limited in some regions.",,,
15G,Was sind die wichtigsten inclusion/exclusion criteria der COMPETE Studie?,german,specific,study,gemini-1.0-pro-001,"**Eins, chlusskriterien:**

* Alter ≥ 18 Jahre
* Diagnose einer chronischen Herzinsuffizienz (, NYHA-Klasse II-IV)
* Ejektionsfraktion ≤ 40 %
* Stabile Herzinsuffizienztherapie, für mindestens 3 Monate
* Fähigkeit, die Studienmedikation einzunehmen und die Studienverfahren einzuhalten

**Ausschlusskriterien:**

* Akutes Koronarsyndrom innerhalb der letzten 3 Monate
* Herzinfarkt innerhalb der letzten 6 Monate, 
* Herzinsuffizienz aufgrund einer reversiblen Ursache (z. B. Anämie, Schilddrüsenunterfunktion)
* Schwere Leber- oder Nierenerkrankung
* Aktive Infektion
* Malignität
* Schwangerschaft oder Stillzeit
* Teilnahme an einer anderen klinischen Studie innerhalb der letzten 30 Tage
* Bekannte Überempfindlichkeit gegen die Studienmedikation oder ihre Bestandteile",,,
15E,What are the most important inclusion/exclusion criteria of the COMPETE trial?,english,specific,study,gemini-1.0-pro-001,"**Inclusion Criteria, :**

* Age ≥18 years
* Histologically confirmed locally advanced or metastatic urothelial carcinoma
* Measurable disease, per RECIST 1.1
* Eastern Cooperative Oncology Group (ECOG) performance status of 0 or 1
* Adequate organ function

, **Exclusion Criteria:**

* Prior systemic therapy for advanced or metastatic urothelial carcinoma
* Active or uncontrolled autoimmune disease
* History of interstitial lung disease or pneumonitis
* Active infection requiring systemic antibiotics
* Known human, immunodeficiency virus (HIV) infection
* Known active hepatitis B or C infection
* Pregnancy or breastfeeding
* Any other medical condition that, in the opinion of the investigator, would make the patient unsuitable for the trial",,,
16G,Was sind die wichtigsten inclusion/exclusion criteria der COMPOSE Studie?,german,specific,study,gemini-1.0-pro-001,"**Eins, chlusskriterien:**

* Alter ≥ 18 Jahre
* Diagnose einer mittelschweren bis schweren chronisch obstruktiven Lungenerkrankung (COPD), gemäß GOLD-Kriterien
* Postbronchodilatatorisches FEV1/FVC-Verhältnis < 0,7
* Postbronchodilat, atorisches FEV1 < 80 % des Sollwerts
* Raucheranamnese von ≥ 10 Packungsjahren
* Stabile COPD für mindestens 3 Monate vor der Randomisierung
* Keine Exazerbationen in den letzten , 6 Wochen vor der Randomisierung

**Ausschlusskriterien:**

* Asthma in der Vorgeschichte
* Alpha-1-Antitrypsin-Mangel
* Lungenfibrose oder andere interstitielle Lungenerkrankungen
* Lungenkrebs oder andere maligne, Erkrankungen
* Herz-Kreislauf-Erkrankungen in der Vorgeschichte, die eine Teilnahme an der Studie beeinträchtigen könnten
* Schwere Leber- oder Nierenerkrankungen
* Aktive Infektionen
* Teilnahme an einer anderen klinischen Studie innerhalb der letzten 30 Tage
* Schwangerschaft oder Stillzeit",,,
16E,What are the most important inclusion/exclusion criteria of the COMPOSE trial?,english,specific,study,gemini-1.0-pro-001,"**Inclusion Criteria:** 

* Age ≥18 years
* Histologically confirmed locally advanced or metastatic urothelial carcinoma
* Progression after platinum-based chemotherapy, 
* Measurable disease per RECIST v1.1
* ECOG performance status 0-1
* Adequate organ function

**Exclusion Criteria, :**

* Prior treatment with PD-1/PD-L1 or CTLA-4 inhibitors
* Active autoimmune disease requiring systemic immunosuppression
* History of immune-mediated pneumonitis
* Active infection requiring systemic antibiotics
* Known, HIV or hepatitis B or C infection
* Pregnant or breastfeeding women
* Uncontrolled intercurrent illness
* Major surgery within 4 weeks of starting study treatment
* Prior malignancy within 5 years, except for adequately treated non-melanoma skin cancer, or localized prostate cancer",,,
17G,Welche radiopharmazeitische Medikamente sind von der FDA zugelassen?,german,specific,medication,gemini-1.0-pro-001,"**Diagnostische, Radiopharmazeutika**

* **Technetium-99m-Sestamibi:** Myokardperfusionsszintigraphie
* ** Technetium-99m-Tetrofosmin:** Myokardperfusionsszintigraphie
* **Technetium-99m-, MIBI:** Parathyreoideaszintigraphie, Schilddrüsenszintigraphie
* **Technetium-99m-DMSA:** Nierenszintigraphie
* **Technetium-99m-MAG3:** Nierenszinti, graphie
* **Technetium-99m-EC:** Knochenmarksszintigraphie
* **Technetium-99m-MDP:** Knochenszintigraphie
* **Technetium-99m-HMPAO:** Hirnperfusionsszintigraphie
* **Technetium-99m-ECD:** Hirnperfusionsszintigraphie
* **Indium-111-Octreotid:** Neuroendokrine Tumorszintigraphie
* **Gallium-68-DOTATOC:** Neuroendokrine Tumorszintigraphie
* **Fluor-18-FDG:** PET-Bildgebung bei Krebs, Entzündungen und Infektionen

** Therapeutische Radiopharmazeutika**

* **Iod-131:** Schilddrüsenkrebsbehandlung
* **Samarium-153-EDTMP:** Knochenmetastasenbehandlung
* **Strontium-89:** Knochenmetastasenbehandlung
* **Radium-223:** Knochenmetastasenbehandlung
* **Lutetium-177-PSMA:** Prostatakre, bsbehandlung
* **Yttrium-90-SIR-Spheres:** Leberkrebsbehandlung
* **Iobenguane-131I:** Neuroblastombehandlung",,,
17E,Which radiopharmaceutical drugs are approved by the FDA?,english,specific,medication,gemini-1.0-pro-001,"**Bone, Imaging**
* Technetium-99m MDP
* Technetium-99m H, DP
* Technetium-99m DPD

**Cardiac Imaging**
* Technetium-99m, sestamibi
* Thallium-201 chloride
* Rubidium-82 chloride

**Gastrointestinal Imaging**
* Technetium-99m sulfur colloid
* Technetium-99m pertechnetate
* Indium-111 pentetreotide

**Hepatobiliary Imaging**
* Technetium-99m mebrofenin
* Technetium-99m disofenin
* Indium-111 diethylenetri, amine pentaacetic acid (DTPA)

**Infection Imaging**
* Gallium-67 citrate
* Indium-111 oxine
* Technetium-99m sulfur colloid

**Lung Imaging**
* Technetium-99m macroaggregated albumin (MAA)
* Technetium-99m DTPA aerosol

**Neurological Imaging**
, * Technetium-99m hexamethylpropyleneamine oxime (HMPAO)
* Technetium-99m ethyl cysteinate dimer (ECD)
* Iodine-123 ioflupane

**Oncological Imaging**
* Fluorine-18 fluorodeoxyglucose (FDG)
* Gallium-6, 8 DOTATOC
* Indium-111 capromab pendetide

**Renal Imaging**
* Technetium-99m mercaptoacetyltriglycine (MAG3)
* Technetium-99m diethylenetriamine pentaacetic acid (DTPA)

**Thyroid Imaging**
* Iodine-123 sodium iodide
* Iodine-131 sodium iodide
* Technetium-99m pertechnetate

**Other**
* Sodium fluoride F, -18
* Lutetium-177 dotatate
* Radium-223 dichloride",,,
18G,In welcher Indikationen werden zur Zeit PSMA-targeting Radiopharmazeutika entwickelt?,german,specific,medication,gemini-1.0-pro-001,"**Prostatakre, bs**

* Rezidivierender Prostatakrebs nach Prostatektomie und/oder Strahlentherapie
, * Metastasierter kastrationsresistenter Prostatakrebs (mCRPC)

**Andere Indikationen, **

* Neuroendokrine Tumoren (NET)
* Pankreaskrebs
* Blasenkrebs
* Nierenkrebs
* Hirntumoren
* Melanome
* Lymphome",,,
18E,In which indications are PSMA-targeting radiopharmaceuticals currently being developed?,english,specific,medication,gemini-1.0-pro-001,"**Prostate Cancer, :**

* Metastatic castration-resistant prostate cancer (mCRPC)
* Primary prostate cancer
* Biochemical recurrence after radical prostatectomy

**Other Cancers:**

* Bladder cancer
* Renal cell carcinoma
* Pancreatic cancer
, ""* Gastric cancer
* Colorectal cancer
* Head and neck cancer
* Lung cancer
* Melanoma
* Neuroendocrine tumors

**Non-Cancerous Conditions:**

* Alzheimers disease
*"", "" Parkinsons disease
* Multiple sclerosis""",,,
19G,Welche wichtigen Studien wurden in den letzten Jahren im Bereich der neuroendokrinen Tumore gestartet bzw. durchgeführt?,german,specific,study,gemini-1.0-pro-001,"**Wichtige Studien, zu neuroendokrinen Tumoren (NETs) in den letzten Jahren:**

**Klinische Studien:**

* **ENETS-, Studie (European Neuroendocrine Tumor Society):** Eine laufende Studie, die die Wirksamkeit verschiedener Behandlungen bei NETs untersucht,, darunter Somatostatin-Analoga, Chemotherapie und zielgerichtete Therapien.
* **CLARINET-Studie (Carcinoid Lung NETs):** Eine Phase-III-Studie, die die Wirksamkeit von Lan, reotid bei der Behandlung von Lungen-NETs untersuchte.
* **PROMID-Studie (Pancreatic NETs):** Eine Phase-III-Studie, die die Wirksamkeit von Everolimus bei der Behandlung von pankreatischen NETs untersuchte.
* **SUN, RISE-Studie (Small Intestinal NETs):** Eine Phase-III-Studie, die die Wirksamkeit von Lutathera bei der Behandlung von Dünndarm-NETs untersuchte.

**Biologische Studien:**

* **TCGA-Studie (The Cancer Genome Atlas):** Eine umfassende genomische Analyse von NETs, , die zur Identifizierung neuer molekularer Ziele geführt hat.
* **NETest-Studie (Neuroendocrine Tumor Exome Sequencing):** Eine Exom-Sequenzierungsstudie, die die genetische Landschaft von NETs untersucht hat.
* **CRISPR-Cas9-Studien:** Studien, die CRISPR-Cas9, zur Untersuchung der Genregulation und zur Entwicklung neuer Therapien für NETs einsetzen.

**Bildgebende Studien:**

* **PET/CT-Studien:** Studien, die die Verwendung von PET/CT zur Diagnose und Überwachung von NETs untersuchen.
* **MRI-Studien:** Studien, die die Verwendung von MRT zur Diagnose und Charakterisierung von NETs untersuchen.
* **Ultraschall-Studien:** Studien, die die Verwendung von Ultraschall zur Diagnose und Überwachung von NETs untersuchen.

** Sonstige Studien:**

* **Studien zur Lebensqualität:** Studien, die die Auswirkungen von NETs und deren Behandlungen auf die Lebensqualität der Patienten untersuchen.
* **Studien zur Prävention:** Studien, die Risikofaktoren für NETs untersuchen und Strategien zur Prävention entwickeln.
* **Studien zur Früherkennung:** Studien, die Screening-Methoden zur Früherkennung von NETs untersuchen.",,,
19E,What are the major studies that have been initiated or conducted in the field of neuroendocrine tumors in recent years?,english,specific,study,gemini-1.0-pro-001,"**Major, Studies in Neuroendocrine Tumors (NETs)**

**Phase III Clinical Trials:**

* **PROMID** (Phase III): Everolimus, vs. placebo in advanced pancreatic NETs
* **CLARINET** (Phase III): Lanreotide vs. placebo in advanced midgut NETs, 
* **RADIANT-4** (Phase III): Everolimus vs. placebo in advanced non-pancreatic NETs
* **SUNRISE** (Phase III): Lutathera vs. octreotide in advanced midgut NETs, 
* **NETTER-1** (Phase III): 177Lu-DOTATATE vs. high-dose octreotide in advanced midgut NETs

**Phase II Clinical Trials:**

* **ENETS** (Phase II): Pembrolizumab, in advanced NETs
* **COMPASS** (Phase II): Atezolizumab in advanced NETs
* **CELEST** (Phase II): Durvalumab in advanced NETs
* **INTRIGUE** (Phase II): Niraparib in advanced NETs
* **CLARINETT** (Phase II): Lanreotide plus everolimus in, advanced NETs

**Observational Studies:**

* **NET-SMART** (Observational): Long-term outcomes of patients with NETs
* **ENETS** (Observational): Epidemiology and natural history of NETs
* **NET-SURV** (Observational): Survival and prognostic factors in NETs
* **NET-PATH** (Observational): Histopathology and molecular, characteristics of NETs
* **NET-GEN** (Observational): Genetic risk factors for NETs

**Translational Research Studies:**

* **NET-TARGET** (Translational): Identification of molecular targets for NET therapy
* **NET-BIO** (Translational): Biomarkers for NET diagnosis and prognosis
* **NET-RAD** (Translational): Imaging techniques for NET detection and monitoring
* **NET-THER** (Translational): Development of novel therapies for NETs
* **NET-IMM** (Translational): Immunotherapy, for NETs",,,
20G,Was ist der Vergleichsarm in der Netter-1 Studie,german,specific,study,gemini-1.0-pro-001,Placebo,,,
20E,What is the control arm in the Netter-1 trial?,english,specific,study,gemini-1.0-pro-001,Placebo,,,
21G,Was ist der Vergleichsarm in der Netter-2 Studie,german,specific,study,gemini-1.0-pro-001,Placebo,,,
21E,What is the control arm in the Netter-2 trial?,english,specific,study,gemini-1.0-pro-001,Placebo,,,
22G,Was ist der Vergleichsarm in der COMPETE Studie,german,specific,study,gemini-1.0-pro-001,Placebo,,,
22E,What is the control arm in the COMPETE trial?,english,specific,study,gemini-1.0-pro-001,Usual care,,,
23G,Was ist der Vergleichsarm in der COMPOSE Studie,german,specific,study,gemini-1.0-pro-001,Placebo,,,
23E,What is the control arm in the COMPOSE trial?,english,specific,study,gemini-1.0-pro-001,Placebo,,,
24G,"Ist es möglich die verschiedenen Guidelines zu Management von neuroendokrinen Tumoren vergleichend darzustellen (ENETS, NANETS)? Wo sind hier die Unterschiede in der Therapie dieser Erkrankung? ",german,specific,guidelines,gemini-1.0-pro-001,"**Vergleich, ende Darstellung der ENETS- und NANETS-Guidelines für das Management neuroendokriner Tumoren (NET)**

**ENETS, (European Neuroendocrine Tumor Society)** und **NANETS (North American Neuroendocrine Tumor Society)** sind zwei führende Organisationen, die Richtlinien für das Management von NET, veröffentlichen.

**Unterschiede in der Therapie**

**Lokalisierte NET**

* **ENETS:** Chirurgische Resektion ist die bevorzugte Behandlung.
* **NANETS:** Chirurgische Resektion oder, lokale ablative Therapien (z. B. Radiofrequenzablation) können in Betracht gezogen werden.

**Metastasierte NET**

* **ENETS:** Systemische Therapie mit Somatostatin-Analoga (z. B. Octreotid, Lan, reotid) ist die Erstlinientherapie.
* **NANETS:** Systemische Therapie mit Somatostatin-Analoga oder mTOR-Inhibitoren (z. B. Everolimus) kann in Betracht gezogen werden.

**Fortgeschrittene NET**

* **ENETS:** Systemische Therapie mit Peptidrezeptor-Radionuklidtherapie (PRRT) oder Chemotherapie, kann in Betracht gezogen werden.
* **NANETS:** Systemische Therapie mit PRRT, Chemotherapie oder zielgerichteten Therapien (z. B. Cabozantinib, Lenvatinib) kann in Betracht gezogen werden.

**Weitere Unterschiede**

* **Diagnose:** ENETS empfiehlt eine frühere Endoskopie und, Biopsie bei Verdacht auf NET.
* **Überwachung:** NANETS empfiehlt häufigere Überwachungsintervalle als ENETS.
* **Palliative Behandlung:** NANETS betont die Bedeutung der palliativen Behandlung von Symptomen wie Schmerzen und Übelkeit.

**Gemeinsamkeiten**

* Beide Richtlinien betonen die Bedeutung eines multidisziplinären Ansatzes.
* Beide Richtlinien empfehlen eine personalisierte Behandlung basierend auf dem individuellen Patientenprofil.
* Beide Richtlinien erkennen die Notwendigkeit weiterer Forschung an.

**Schlussfolgerung**

Während es einige Unterschiede in den Therapieempfehlungen zwischen den ENETS- und NANETS-Guidelines gibt, stimmen sie in den allgemeinen Prinzipien des NET-Managements überein. Die Wahl der spezifischen Behandlung hängt von Faktoren wie dem Stadium der Erkrankung, dem Patientenprofil und den verfügbaren Ressourcen ab.",,,
24E,"Is it possible to compare the different guidelines for the management of neuroendocrine tumors (ENETS, NANETS)? Where are the differences in the therapy of this disease?",english,specific,guidelines,gemini-1.0-pro-001,"**Comparison of, ENETS and NANETS Guidelines for Neuroendocrine Tumors (NETs)**

**ENETS (European Neuroendocrine Tumor Society)** and **NANETS, (North American Neuroendocrine Tumor Society)** are two major organizations that provide guidelines for the management of NETs. While there are some similarities between the, guidelines, there are also some key differences.

**Similarities:**

* Both guidelines recommend a multidisciplinary approach to NET management, involving specialists from various disciplines such as oncology, surgery, endocrinology, and radiology.
* Both guidelines emphasize the importance of accurate diagnosis and staging, of NETs.
* Both guidelines recommend surgery as the primary treatment for localized, resectable NETs.
* Both guidelines recommend systemic therapy (e.g., somatostatin analogs, targeted therapy, chemotherapy) for advanced or, metastatic NETs.

**Differences:**

**1. Staging:**

* ENETS uses the 2017 WHO classification system for NETs, while NANETS uses the 2010 WHO classification system.
* ENETS includes additional staging categories (e.g., G1-G3) based on tumor grade, while NANETS does not.

** 2. Treatment of Localized NETs:**

* ENETS recommends surgery for all localized NETs, regardless of size or grade.
* NANETS recommends surgery for localized NETs that are larger than 2 cm or have a high risk of recurrence.

**3. Treatment of Advanced NETs:**

* ENETS recommends somatostatin analogs as first-line therapy for advanced NETs.
* NAN, ETS recommends targeted therapy (e.g., everolimus, sunitinib) as first-line therapy for advanced NETs.
* ENETS recommends chemotherapy as second-line therapy for advanced NETs, while NANETS recommends it as third-line therapy.

**4. Surveillance:**

* ENETS recommends more frequent surveillance for patients with NETs than NANETS.
* ENETS recommends annual imaging for patients with localized NETs, while NANETS recommends imaging every 2-3 years.

**5. Other Differences:**

, * ENETS provides more detailed guidance on the management of specific NET subtypes (e.g., pancreatic NETs, lung NETs).
* NANETS provides more guidance on the management of NETs in specific patient populations (e.g., elderly patients, patients with comorbidities).

**Conclusion:**

While the ENETS and NANETS guidelines for NET management have some similarities, there are also some key differences. These differences reflect the different perspectives and experiences of the two organizations. Clinicians should be familiar with both guidelines and use them in conjunction with their own clinical judgment to provide, optimal care for patients with NETs.",,,
25G,In welchem Bereich werden PRRT Therapien in den ESMO Guidelines dargestellt?,german,specific,guidelines,gemini-1.0-pro-001,"Neuroend, ",,,
25E,In which section are PRRT therapies presented in the ESMO Guidelines?,english,specific,guidelines,gemini-1.0-pro-001,"Genit, ourinary Cancers",,,
26G,Welche Arten von neuroendokrinen Tumoren werden in der COMPETE Studie untersucht?,german,specific,study,gemini-1.0-pro-001,"Die COMPETE, -Studie (Comparative Evaluation of Pancreatic NETs Treated with Everolimus) untersucht neuroendokrine Tumoren der Bauchspeiche, ldrüse (pNETs).",,,
26E,What types of neuroendocrine tumors are investigated in the COMPETE trial?,english,specific,study,gemini-1.0-pro-001,"Gastroenter, opancreatic neuroendocrine tumors (GEP-NETs)",,,
27G,Was war das mediane PFS in der Netter-2 Studie?,german,specific,study,gemini-1.0-pro-001,"1, ",,,
27E,What was the median PFS in the Netter-2 trial?,english,specific,study,gemini-1.0-pro-001,"11., 1 months",,,
28G,In welchen Indikationen erforscht ITM Radiopharma Radiopharmazeutika?,german,specific,research,gemini-1.0-pro-001,"ITM, Radiopharma erforscht Radiopharmazeutika in folgenden Indikationen:

* **Onkologie:**
  * Prostatakrebs
  * Neuroendokrine Tumoren
  * Schilddrüsenkrebs
  * Hirntumoren
  * Hämatologische Malign, ome
* **Neurologie:**
  * Alzheimer-Krankheit
  * Parkinson-Krankheit
* **Kardiovaskuläre Erkrankungen:**
  * Myokardinfarkt
  * Herzinsuffizienz
* **Entzündliche Erkrankungen, :**
  * Rheumatoide Arthritis
  * Morbus Crohn
* **Infektionskrankheiten:**
  * Bakterielle Infektionen
  * Virale Infektionen",,,
28E,In which indications does ITM Radiopharma research radiopharmaceuticals?,english,specific,research,gemini-1.0-pro-001,"ITM, Radiopharma researches radiopharmaceuticals in the following indications:

* Oncology
* Cardiology
* Neurology
* Immunology
* Infectious diseases",,,
29G,Welche Isotope werden in den Studien von ITM Radiopharma verwendet?,german,general,research,gemini-1.0-pro-001,"* ** Indium-111:** Wird zur Markierung von Leukozyten und Thrombozyten verwendet.
* **Technetium, -99m:** Wird zur Markierung einer Vielzahl von Molekülen verwendet, darunter Antikörper, Peptide und kleine Moleküle.
* ** Iod-123:** Wird zur Markierung von Schilddrüsenhormonen und anderen Molekülen verwendet.
* **Iod-131:** Wird zur Behandlung von Schilddrüsenerkrankungen verwendet.
* **Lutetium-177:** Wird zur Behandlung von neuroendokrinen Tumoren verwendet.
* **Yttrium-90:** Wird zur Behandlung von Leberkrebs und anderen Tumoren verwendet.
* **Rhenium-188:** Wird zur Behandlung von Knochenmetastasen verwendet.
* **Actinium-2, 25:** Wird zur Behandlung von Prostatakrebs und anderen Tumoren verwendet.
* **Thorium-227:** Wird zur Behandlung von Knochenmetastasen verwendet.",,,
29E,Which isotopes are used in ITM Radiopharmas studies?,english,general,research,gemini-1.0-pro-001,"* ** Indium-111:** Used for imaging white blood cells and platelets
* **Techne, tium-99m:** Used for imaging a variety of organs and tissues, including the heart, brain, lungs, and kidneys, 
* **Gallium-67:** Used for imaging infections and tumors
* **Thallium-201:** Used for imaging the heart
* **Iodine-123:** Used for imaging the thyroid gland",,,
30G,Wann wurde ITM Radiopharma gegründet?,german,general,company,gemini-1.0-pro-001,"1992",,,
30E,When was ITM Radiopharma founded?	,english,general,company,gemini-1.0-pro-001,"2016",,,
31G,Welche Produkte hat ITM Radiopharma bereits auf dem Markt?,german,general,company,gemini-1.0-pro-001,"* ** Lutathera (177Lu-DOTATATE)**: Ein Radiopharmazeutikum zur Behandlung von neuroendokrin, en Tumoren (NETs)
* **Zepzelca (68Ga-PSMA-11, )**: Ein Radiopharmazeutikum zur Diagnose von Prostatakrebs
* **Captivus (99mTc-tilmanocept)**: Ein Radiopharmazeutikum zur Diagnose von Infektionen und Entzündungen",,,
31E,Which products does ITM Radiopharma already have on the market?,english,general,company,gemini-1.0-pro-001,"* ** Lutathera (lutetium Lu 177 dotatate)**: A radiopharmaceutical indicated for the treatment of adult patients with somatostatin, receptor-positive (SSTR) gastroenteropancreatic neuroendocrine tumors (GEP-NETs), 
* **CaptivTRK (tebentafusp)**: A bispecific antibody-based radiopharmaceutical indicated for the treatment of adult patients with locally advanced or metastatic urothelial carcinoma (mUC), who have progressed following platinum-based chemotherapy and a PD-1/L1 inhibitor
* **ITM-11 (indium In 111 pentetreotide)**: A radiopharmaceutical indicated for the localization of somatostatin, receptor-positive neuroendocrine tumors (NETs)
* **ITM-16 (indium In 111 octreotide)**: A radiopharmaceutical indicated for the localization of somatostatin receptor-positive neuroendocrine tumors (NETs)",,,
32G,An welchen Kongressen nimmt ITM Radiopharma teil?,german,general,company,gemini-1.0-pro-001,"* SNMMI, Annual Meeting
* EANM Annual Congress
* RSNA Annual Meeting
* World Molecular Imaging Congress
* American Society of Nuclear Medicine, and Molecular Imaging (ASNM) Annual Meeting
* European Association of Nuclear Medicine (EANM) Annual Congress
* Society, of Nuclear Medicine and Molecular Imaging (SNMMI) Mid-Winter Meeting
* American College of Nuclear Medicine (ACNM) Annual Meeting
* International Society for Molecular Imaging (ISMI) Annual Meeting
* World Federation of Nuclear Medicine and Biology (WFNMB) Annual Congress",,,
32E,Which congresses does ITM Radiopharma participate in?,english,general,company,gemini-1.0-pro-001,"* American, Society of Nuclear Medicine and Molecular Imaging (SNMMI)
* European Association of Nuclear Medicine (EANM)
* World Federation of Nuclear Medicine, and Biology (WFNMB)
* Society of Nuclear Medicine and Molecular Imaging (SNMMI)
* American College, of Radiology (ACR)
* Radiological Society of North America (RSNA)
* European Society of Radiology (ESR)
* International Society for Magnetic Resonance in Medicine (ISMRM)
* American Association of Physicists in Medicine (AAPM)
* European Federation of Organisations for Medical Physics (EF, OMP)
* International Organization for Medical Physics (IOMP)",,,
33G,Wie funktioniert PRRT/Wie ist das Medikament zusammengesetzt?,german,general,mechanism of action,gemini-1.0-pro-001,"**PRRT (, Peptid-Rezeptor-Radionuklid-Therapie)**

PRRT ist eine zielgerichtete, Krebstherapie, die radioaktive Substanzen verwendet, die an Peptiden gebunden sind, die an bestimmte Rezeptoren, auf Krebszellen binden.

**Zusammensetzung des Medikaments:**

PRRT-Medikamente bestehen aus drei Hauptkomponenten:

* **Peptid:** Ein kleines Protein, das an einen bestimmten Rezeptor auf Krebszellen bindet.
, * **Radionuklid:** Ein radioaktives Isotop, das an das Peptid gebunden ist.
* **Chelator:** Ein Molekül, das das Radionuklid an das Peptid bindet.

**Wirkungsweise:**

, 1. **Bindung an den Rezeptor:** Das PRRT-Medikament wird in den Körper injiziert und zirkuliert im Blutkreislauf. Das Peptid bindet an den Zielrezeptor auf Krebszellen.
2. **Internalisierung:** Nach der Bindung wird das PRRT-Medikament in die Krebszelle, internalisiert.
3. **Abgabe des Radionuklids:** Innerhalb der Krebszelle wird das Radionuklid vom Peptid freigesetzt und emittiert ionisierende Strahlung.
4. **Zelltod:** Die ionisierende Strahlung schädigt die DNA der Krebszelle und führt zu deren Tod.

**Häufig verwendete Radionuklide:**

* Lutetium-177, (¹⁷⁷Lu)
* Yttrium-90 (⁹⁰Y)

**Häufig verwendete Peptide:**

* Somatostatin-Analoga (z. B. Octreotid, Lanreotid)
* PSMA-Liganden (z. B. PSMA-617)

**Vorteile von PRRT:**

* Zielgerichtete Therapie, die Krebszellen selektiv abtötet.
* Geringere Nebenwirkungen als herkömmliche Chemotherapie.
* Kann bei Patienten mit fortgeschrittenem Krebs eingesetzt werden, die, auf andere Behandlungen nicht ansprechen.",,,
33E,How does PRRT work/what is the drug made up of?,english,general,mechanism of action,gemini-1.0-pro-001,"**How PRRT, Works**

Peptide receptor radionuclide therapy (PRRT) is a type of targeted cancer therapy that uses radioactive isotopes to deliver radiation directly to cancer, cells. It works by:

1. **Targeting:** PRRT uses peptides that bind to specific receptors on the surface of cancer cells. These receptors, are overexpressed in certain types of cancer, such as neuroendocrine tumors (NETs).
2. **Binding:** The peptides bind to the receptors on the cancer cells, forming a complex.
3. **Internalization:** The, peptide-receptor complex is then internalized into the cancer cell.
4. **Radiation Delivery:** The radioactive isotopes attached to the peptides emit radiation that damages the DNA of the cancer cells, leading to cell death.

**Drug Composition of PRRT**

PRRT, is typically made up of two components:

1. **Peptide:** The peptide is a small protein that binds to the specific receptor on the cancer cells. It acts as a carrier for the radioactive isotope.
2. **Radioactive Isotope:** The radioactive isotope is usually a beta-emitter, such as lutetium-177 (Lu-177) or yttrium-90 (Y, -90). These isotopes emit high-energy radiation that can penetrate the cancer cells and damage their DNA.

**Types of PRRT**

There are two main types of PRRT:

* **Lu-177 PRRT:** Uses lutetium-177 as the radioactive isotope.
* **Y-90 PRRT:** Uses yttrium-90 as the radioactive isotope.

The choice of isotope, "" depends on the type of cancer being treated and the patients overall health.""",,,
34G,Was ist die wichtigste Voraussetzung für die Behandlung mit PRRT?,german,general,requirements,gemini-1.0-pro-001,"Eine ausreichende, Knochenmarkreserve",,,
34E,What is the major requirement for a patient to be treated with PRRT?,english,general,requirements,gemini-1.0-pro-001,"Expression, of somatostatin receptors",,,
35G,Was ist Theranostik?	,german,general,definition,gemini-1.0-pro-001,"Theranostik ist, ein interdisziplinärer Ansatz in der Medizin, der Diagnose und Therapie kombiniert.

**Definition:**

Ther, anostik ist die Entwicklung und Anwendung von Technologien, die sowohl diagnostische als auch therapeutische Funktionen in einem einzigen System oder Molekül, vereinen.

**Ziel:**

Das Ziel der Theranostik ist es, die Patientenversorgung zu verbessern, indem:

* Die Genauigkeit der Diagnose erhöht wird
* Die Wirksamkeit der Behandlung verbessert wird
* Die Nebenwirkungen reduziert werden
* Die Kosten gesenkt werden

** Methoden:**

Theranostische Ansätze können verschiedene Methoden beinhalten, darunter:

* **Bildgebende Biomarker:** Moleküle, die sowohl zur Bildgebung als auch zur gezielten Therapie verwendet werden können.
* **Ther, anostische Nanopartikel:** Nanomaterialien, die sowohl diagnostische als auch therapeutische Wirkstoffe tragen können.
* **Gentherapie:** Verwendung von Genen, die sowohl diagnostische als auch therapeutische Funktionen haben.
* **Immuntherapie:** Verwendung von Immunzellen, die sowohl zur Diagnose als auch zur Behandlung von Krankheiten eingesetzt werden können.

**Vorteile:**

* **Personalisierte Medizin:** Theranos, tik ermöglicht eine auf den einzelnen Patienten zugeschnittene Behandlung.
* **Früherkennung:** Theranostische Ansätze können Krankheiten in einem früheren Stadium erkennen, wenn sie leichter zu behandeln sind.
* **Überwachung der Behandlung:** Theranostik kann verwendet werden, um die Wirksamkeit der Behandlung zu überwachen und Anpassungen vorzunehmen.
* **Reduzierte Nebenwirkungen:** Durch die, gezielte Therapie können Nebenwirkungen minimiert werden.
* **Kosteneffizienz:** Theranostik kann die Gesamtkosten der Patientenversorgung senken.

**Anwendungen:**

Theranostik hat Anwendungen in verschiedenen medizinischen Bereichen, darunter:

* Krebs
* Herz-Kreislauf-Erkrankungen
* Neurologische Erkrankungen
* Infektionskrankheiten",,,
35E,What is theranostics?,english,general,definition,gemini-1.0-pro-001,"Theranostics is a, field of medicine that combines therapeutics and diagnostics. It involves the development of agents that can both diagnose and treat a disease. Ther, anostic agents are typically designed to target specific biomarkers that are associated with a particular disease. By combining diagnostics and therapeutics into a single, agent, theranostics can improve the accuracy and efficiency of disease diagnosis and treatment.",,,
